{
    "session_name": "vlvjcg_18.04.2023-19.26.07",
    "bpf_stats": [
        {
            "event": "getsockopt",
            "calls": 166,
            "returned": 166,
            "errors": 0,
            "lost": 0,
            "discarded": 0
        },
        {
            "event": "event_path",
            "calls": 57103,
            "returned": 57103,
            "errors": 0,
            "lost": 0,
            "discarded": 0
        },
        {
            "event": "unlink",
            "calls": 10,
            "returned": 10,
            "errors": 6,
            "lost": 0,
            "discarded": 0
        },
        {
            "event": "connect",
            "calls": 256,
            "returned": 256,
            "errors": 256,
            "lost": 0,
            "discarded": 0
        },
        {
            "event": "process_fork",
            "calls": 15,
            "returned": 0,
            "errors": 0,
            "lost": 0,
            "discarded": 0
        },
        {
            "event": "process_end",
            "calls": 16,
            "returned": 16,
            "errors": 0,
            "lost": 0,
            "discarded": 0
        },
        {
            "event": "pread64",
            "calls": 4,
            "returned": 4,
            "errors": 0,
            "lost": 0,
            "discarded": 0
        },
        {
            "event": "sendto",
            "calls": 2,
            "returned": 2,
            "errors": 0,
            "lost": 0,
            "discarded": 0
        },
        {
            "event": "write",
            "calls": 106353,
            "returned": 106353,
            "errors": 0,
            "lost": 0,
            "discarded": 0
        },
        {
            "event": "fstatat",
            "calls": 221238,
            "returned": 221238,
            "errors": 0,
            "lost": 0,
            "discarded": 0
        },
        {
            "event": "stat",
            "calls": 250087,
            "returned": 250087,
            "errors": 1911,
            "lost": 0,
            "discarded": 0
        },
        {
            "event": "read",
            "calls": 276803,
            "returned": 276803,
            "errors": 0,
            "lost": 0,
            "discarded": 0
        },
        {
            "event": "rename",
            "calls": 103876,
            "returned": 103876,
            "errors": 86882,
            "lost": 0,
            "discarded": 0
        },
        {
            "event": "lstat",
            "calls": 1,
            "returned": 1,
            "errors": 0,
            "lost": 0,
            "discarded": 0
        },
        {
            "event": "socket",
            "calls": 257,
            "returned": 257,
            "errors": 0,
            "lost": 0,
            "discarded": 0
        },
        {
            "event": "openat",
            "calls": 246404,
            "returned": 225426,
            "errors": 25164,
            "lost": 0,
            "discarded": 20978
        },
        {
            "event": "recvfrom",
            "calls": 2,
            "returned": 2,
            "errors": 0,
            "lost": 0,
            "discarded": 0
        },
        {
            "event": "readlink",
            "calls": 1,
            "returned": 1,
            "errors": 0,
            "lost": 0,
            "discarded": 0
        },
        {
            "event": "lseek",
            "calls": 122622,
            "returned": 122622,
            "errors": 0,
            "lost": 0,
            "discarded": 0
        },
        {
            "event": "close",
            "calls": 221498,
            "returned": 200520,
            "errors": 0,
            "lost": 0,
            "discarded": 20978
        }
    ],
    "bpf_stats_total": {
        "calls": 1606714,
        "returned": 1564743,
        "errors": 114219,
        "lost": 0,
        "discarded": 41956
    },
    "tracer_stats": {
        "network": {
            "calls": 683,
            "returned": 683,
            "discarded": 0,
            "lost": 0,
            "errors": 256,
            "handled": 683,
            "incomplete": 0,
            "truncated": 1,
            "saved": 683
        },
        "storage": {
            "calls": 1548897,
            "returned": 1506941,
            "discarded": 41956,
            "lost": 0,
            "errors": 113963,
            "handled": 1506941,
            "incomplete": 0,
            "truncated": 36837,
            "saved": 1506941
        },
        "process": {
            "calls": 31,
            "returned": 16,
            "discarded": 0,
            "lost": 0,
            "errors": 0,
            "handled": 16,
            "incomplete": 0,
            "truncated": 0,
            "saved": 0
        },
        "path": {
            "calls": 57103,
            "returned": 57103,
            "discarded": 0,
            "lost": 0,
            "errors": 0,
            "handled": 57103,
            "incomplete": 0,
            "truncated": 0,
            "saved": 57103
        },
        "others": {
            "calls": 0,
            "returned": 0,
            "discarded": 0,
            "lost": 0,
            "errors": 0,
            "handled": 0,
            "incomplete": 0,
            "truncated": 0,
            "saved": 0
        }
    },
    "tracer_stats_total": {
        "calls": 1606714,
        "returned": 1564743,
        "discarded": 41956,
        "lost": 0,
        "errors": 114219,
        "handled": 1564743,
        "incomplete": 0,
        "truncated": 36838,
        "saved": 1564727
    }
}