{
    "session_name": "semdjw_20.04.2023-09.56.54",
    "bpf_stats": [
        {
            "event": "process_fork",
            "calls": 15,
            "returned": 0,
            "errors": 0,
            "lost": 0,
            "discarded": 0
        },
        {
            "event": "openat",
            "calls": 246536,
            "returned": 225546,
            "errors": 25164,
            "lost": 0,
            "discarded": 20990
        },
        {
            "event": "getsockopt",
            "calls": 6,
            "returned": 6,
            "errors": 0,
            "lost": 0,
            "discarded": 0
        },
        {
            "event": "process_end",
            "calls": 16,
            "returned": 16,
            "errors": 0,
            "lost": 0,
            "discarded": 0
        },
        {
            "event": "stat",
            "calls": 250179,
            "returned": 250179,
            "errors": 1911,
            "lost": 0,
            "discarded": 0
        },
        {
            "event": "lstat",
            "calls": 1,
            "returned": 1,
            "errors": 0,
            "lost": 0,
            "discarded": 0
        },
        {
            "event": "socket",
            "calls": 257,
            "returned": 257,
            "errors": 0,
            "lost": 0,
            "discarded": 0
        },
        {
            "event": "pread64",
            "calls": 4,
            "returned": 4,
            "errors": 0,
            "lost": 0,
            "discarded": 0
        },
        {
            "event": "connect",
            "calls": 256,
            "returned": 256,
            "errors": 256,
            "lost": 0,
            "discarded": 0
        },
        {
            "event": "lseek",
            "calls": 122730,
            "returned": 122730,
            "errors": 0,
            "lost": 0,
            "discarded": 0
        },
        {
            "event": "close",
            "calls": 221630,
            "returned": 200640,
            "errors": 0,
            "lost": 0,
            "discarded": 20990
        },
        {
            "event": "rename",
            "calls": 103894,
            "returned": 103894,
            "errors": 86882,
            "lost": 0,
            "discarded": 0
        },
        {
            "event": "recvfrom",
            "calls": 3,
            "returned": 3,
            "errors": 0,
            "lost": 0,
            "discarded": 0
        },
        {
            "event": "write",
            "calls": 106455,
            "returned": 106455,
            "errors": 0,
            "lost": 0,
            "discarded": 0
        },
        {
            "event": "unlink",
            "calls": 10,
            "returned": 10,
            "errors": 6,
            "lost": 0,
            "discarded": 0
        },
        {
            "event": "fstatat",
            "calls": 221370,
            "returned": 221370,
            "errors": 0,
            "lost": 0,
            "discarded": 0
        },
        {
            "event": "read",
            "calls": 276957,
            "returned": 276957,
            "errors": 0,
            "lost": 0,
            "discarded": 0
        },
        {
            "event": "sendto",
            "calls": 3,
            "returned": 3,
            "errors": 0,
            "lost": 0,
            "discarded": 0
        },
        {
            "event": "event_path",
            "calls": 57965,
            "returned": 57965,
            "errors": 0,
            "lost": 0,
            "discarded": 0
        },
        {
            "event": "readlink",
            "calls": 1,
            "returned": 1,
            "errors": 0,
            "lost": 0,
            "discarded": 0
        }
    ],
    "bpf_stats_total": {
        "calls": 1608288,
        "returned": 1566293,
        "errors": 114219,
        "lost": 0,
        "discarded": 41980
    },
    "tracer_stats": {
        "network": {
            "calls": 525,
            "returned": 525,
            "discarded": 0,
            "lost": 0,
            "errors": 256,
            "handled": 525,
            "incomplete": 0,
            "truncated": 1,
            "saved": 525
        },
        "storage": {
            "calls": 1549767,
            "returned": 1507787,
            "discarded": 41980,
            "lost": 0,
            "errors": 113963,
            "handled": 1507787,
            "incomplete": 0,
            "truncated": 36869,
            "saved": 1507787
        },
        "process": {
            "calls": 31,
            "returned": 16,
            "discarded": 0,
            "lost": 0,
            "errors": 0,
            "handled": 16,
            "incomplete": 0,
            "truncated": 0,
            "saved": 0
        },
        "path": {
            "calls": 57965,
            "returned": 57965,
            "discarded": 0,
            "lost": 0,
            "errors": 0,
            "handled": 57965,
            "incomplete": 0,
            "truncated": 0,
            "saved": 57965
        },
        "others": {
            "calls": 0,
            "returned": 0,
            "discarded": 0,
            "lost": 0,
            "errors": 0,
            "handled": 0,
            "incomplete": 0,
            "truncated": 0,
            "saved": 0
        }
    },
    "tracer_stats_total": {
        "calls": 1608288,
        "returned": 1566293,
        "discarded": 41980,
        "lost": 0,
        "errors": 114219,
        "handled": 1566293,
        "incomplete": 0,
        "truncated": 36870,
        "saved": 1566277
    }
}